The Shawshank Redemption,Lost Souls,A Thin Line Between Love and Hate,Rendition,My Darling Clementine,The Adventures of Ford Fairlane,Collateral,From Beyond,Happily N'Ever After,The Mighty Quinn,The Squid and the Whale,Waqt,Kal Ho Naa Ho
Dances with Wolves,"Ebony, Ivory & Jade",Good Girls Don't,Heart of Darkness,To Live in Peace,The New Big Boss,The Andromeda Strain,Resident Evil: Degeneration,Dellamorte Dellamore,The Secret of Roan Inish,The Princess and the Goblin,White Night Wedding,Revenge of the Pink Panther
It Happened One Night,Building a Fire,Sleep,Gunga Din,Charlie's Angels,Over the Fence,Steel Magnolias,The Ballad of Jack and Rose,North by Northwest,Waiting at the Royal,Pitfall,Dear Friends,The Crew
The 400 Blows,Airport '77,The Undead,The Young in Heart,The Killers,Games of Love and Chance,Love Letters,Tales from Earthsea,Up Close & Personal,The Magician,Relative Fear,Click,The Apartment
Rebecca,Cold Creek Manor,The Road to Hong Kong,Cat Soup,The Genesis Children,Dark Water,Night and the City,Amantes,Freaked,Three Sisters,Resident Evil,Any Which Way You Can,Quartet
Cool Hand Luke,Bluebeard's Eighth Wife,Let the Love Begin,Smilin' Through,You're in the Navy Now,The Greek Tycoon,Three Little Words,This Property is Condemned,Diamonds,Bride of Frankenstein,The Magician,Yaadein,Johnny Tsunami
Groundhog Day,The Organizer,Terms of Endearment,Jackie Brown,The Dentist,Follow that Dream,Bad Education,The Spirit of St. Louis,Oklahoma,The White Countess,Muppets from Space,The Quiet Earth,The Patsy
Platoon,Slackers,Cheerleader Camp,Apollo 13,Cheyenne Autumn,Candy Mountain,My Left Eye Sees Ghosts,Bulletproof Monk,The Borrowers,Boys' Night Out,Magnolia,"Kidnapping, Caucasian Style",Talladega Nights: The Ballad of Ricky Bobby
The Deer Hunter,A Prairie Home Companion,Test,Dennis the Menace Strikes Again,"Captain Newman, M.D.",The Silence of the Lambs,Shivamani 9848022338,The Exorcism of Emily Rose,Things to Come,Bullets Over Broadway,Ghunghat,North Dallas Forty,DOA: Dead or Alive
In the Name of the Father,Higher Learning,Nadine,Back to the Future Part III,Lost Souls,A High Wind in Jamaica,Casablanca,Destroyer,A Cosmic Christmas,State Fair,The Cohens and Kellys in Trouble,Miami Rhapsody,Wild at Heart
On the Waterfront,Pickup on South Street,Harlequin,Alone in the Dark II,Captain Kidd and the Slave Girl,Do Detectives Think,Puppet Master III,Hancock,The Gathering,The Bunker,The Wings,Il Tetto,With Love and Hisses
Barry Lyndon,Hungry Holes,Command Decision,Tycus,The Rebel,The Wanderer,Utsunomiko,Targets,Doc Savage: The Man of Bronze,Lot in Sodom,Hardware,Saint Ralph,Nothing Like the Holidays
Ben-Hur,Wizard of Oz,A-Haunting We Will Go,Lost Embrace,Saved!,Horrors of the Black Museum,Salvador,Night Watch,New Jack City,No Highway in the Sky,Prince of Pistols,The Contractor,It's All Gone Pete Tong
The Bridge on the River Kwai,Full Metal Jacket,G Men,Made for Each Other,Uranus,Cinderella Man,The Europeans,Blondie Johnson,Damnation Alley,Arabian Nights,Mehman-e Maman,The Women of Camelot,Malta Story
Dial M for Murder,Stepping Out,Fukkatsu no hi,Faerie Tale Theatre: The Nightingale,The Blue Lagoon,Skammen,The Ladies Man,L.E.T.H.A.L. Ladies: Return to Savage Beach,Tara Road,The Forty-first,The Organizer,The Last of Sheila,The Devil-Ship Pirates
Chinatown,College Swing,The Kingdom,Deadly Friend,Dracula,Epidemic,Il mostro,Diaboliquement vÃ´tre,Popeye,Big Fish,For Keeps?,And God Created Woman,Vampires
The Elephant Man,The Sheik,Batman Returns,One Night in Eden,"Sabrina, Down Under",People I Know,Dear God,The Good Girl,Cheyenne Autumn,Kal Ho Naa Ho,Where the Day Takes You,Tomcats,The Safety of Objects
Rashomon,Two Hands,Emma,Prelude to a Kiss,Las Aventuras de PikÃ­n,Son of Dracula,KatyÅ,Joseph: King of Dreams,Odd Obsession,Wayward Son,"PS, I Love You",Fear,The H-Man
The Great Escape,"The Good, the Bad and the Ugly",Bridget Jones: The Edge of Reason,Angels in the Outfield,The Last Unicorn,The Wedding Video,A Passage to India,The Crow,The Faculty,Cops,The Rage: Carrie 2,Tarantula,Frequency
The Thing,Ocean's Thirteen,Body Parts,Saludos Amigos,Cobb,Flash Gordon,Little Women,Surf Ninjas,Into the Wild,Salem's Lot,Jurassic Park,"Mohammad, Messenger of God",Narrow Margin
Yojimbo,Act of Violence,The Pompatus of Love,Filmmaker,Bonnie and Clyde,"Happy Birthday, Wanda June",In a Lonely Place,The Brothers Rico,The Girl from Missouri,Anna Karenina,Damage,Psych-Out,To Live in Peace
Ran,Sheitan,On with the Show,Real Time,No Escape,Scott of the Antarctic,The Magic Christian,Cry of the City,King Kong,Night Warning,Spies Like Us,Dances with Wolves,Music and Lyrics
Bicycle Thieves,The Gate II: Trespassers,Wavelength,The Zodiac Killer,Quando Elas Querem,EspaÃ±a 1936,A Damsel in Distress,Killer of Sheep,Summer Rental,Albino Alligator,Harry and the Hendersons,My Hero,Tarzan's Greatest Adventure
L.A. Confidential,Hard Rain,Detroit Rock City,The House That Dripped Blood,Cop Land,The Bunker,Maze,The Hurricane,Can't Stop the Music,Nurses,84 Charing Cross Road,Loving You,The Banger Sisters
Metropolis,The Holy Mountain,Son of Dracula,Freaky Friday,Mixed Nuts,Thirumagan,"Dr. Mabuse, der Spieler",Shakedown,Santa Claus: The Movie,Gigli,The Marrying Kind,The Wolf Man,Crimes and Misdemeanors
The Sting,Smoke,Jack,The Prophecy II,North Dallas Forty,Sin City,The White Carnation,Cobra Woman,An Angel at My Table,George Wallace,Brain Dead,Eliminators,Sensations of 1945
Heat,Ocean's Thirteen,The Rock n' Roll Cops,Missing in Action,Emma,Hungama,The Messenger,Fail-Safe,The Insider,Kaho Naa... Pyaar Hai,The Eagle Has Landed,Broken Flowers,The Mummy 3
To Kill a Mockingbird,Commando,Palabra de honor,Murder in the Music Hall,The Devil-Stone,Lights of New York,Little Man,The Debut,Way for a Sailor,Before and After,"Knute Rockne, All American",Sayonara Jupiter,The Gilded Lily
Ikiru,The Dream Machine,Topsy Turvy,A Kid for Two Farthings,Showgirls,Stranger on the Third Floor,Gable and Lombard,Starsky & Hutch,99 River Street,Rain Without Thunder,Them!,Vanishing Point,Let's Talk About Sex
Lawrence of Arabia,Smoke,The Lion in Winter,Fire Sale,Rio Rita,My Zinc Bed,Samurai Reincarnation,Planet 51,Alice in Wonderland,The Miracle of Morgan's Creek,Kissan,Madame Bovary,Cherry 2000
Come and See,Tinker Bell,Catch the Heat,"Abraxas, Guardian of the Universe",Into the Net,Nickel Mountain,Umrao Jaan,Rab Ne Bana Di Jodi,Next,Bright Victory,I Can Jump Puddles,Priyamana Thozhi,Locked In
High and Low,Ray,The Gathering,Where's That Fire?,Red Ensign,Distant Lights,Moonraker,Star Trek II: The Wrath of Khan,The Lion Has Wings,White Man's Burden,Tora! Tora! Tora!,Wilson,The Battle of Algiers
Das Boot,The Ballad of Josie,Blue in the Face,Street Fighter II: The Animated Movie,Addams Family Reunion,The Barchester Chronicles,Imaginary Heroes,No Man's Land,The Sunchaser,Pride,Night Has a Thousand Eyes,Bleach: Memories of Nobody,Robot Jox
Dr. Strangelove or: How I Learned to Stop Worrying and Love the Bomb,It's a Wonderful World,Diner,84 Charing Cross Road,A Yank at Oxford,Way for a Sailor,After Hours,The Jazz Singer,North Country,My Blue Heaven,Closet Land,Lilo & Stitch,Dead Presidents
The Green Mile,The Mummy 3,Fast Food Nation,Tugboat Annie,Little Children,Behind the Green Door,Dil Chahta Hai,Death Becomes Her,The War Lord,The Nutty Professor,The Spiderwick Chronicles,Robin and Marian,The Moon-Spinners
The Silence of the Lambs,Deadline at Dawn,Eddie's Million Dollar Cook-Off,Playing God,Goodbye Again,Sinbad: Legend of the Seven Seas,The Zodiac Killer,The Internecine Project,Header,The Iron Mask,"Monsters, Inc.",Goners,The Bishop's Wife
Goodfellas,Top Hat,The Bone Collector,The World of Henry Orient,Take Me Out to the Ballgame,Action of the Tiger,Presence of Mind,Demolition Man,Death Becomes Her,Body Double,The Hound of the Baskervilles,The Sniper,The Namesake
"The Good, the Bad and the Ugly",The Great Escape,Blood and Roses,Pink Flamingos,The Lives of Others,You and Your Stupid Mate,Pandora's Box,Duck! The Carbine High Massacre,Kicking & Screaming,Clownhouse,Eve's Bayou,Pride,The Lost Patrol
Forrest Gump,Le Grand Bleu,Clueless,Shakespeare in Love,GoldenEye,Roadie,The Good Earth,Wes Craven's New Nightmare,Julia,Games of Love and Chance,How Green Was My Valley,Lupin the Third: Farewell to Nostradamus,Star Trek II: The Wrath of Khan
The Godfather Part II,Reservation Road,Wonder Boys,Hearts of Darkness: A Filmmakers's Apocalypse,The Secret Garden,D.C. Cab,Halloween,Trucker,The Faculty,40 Days and 40 Nights,Deadly Friend,Ocean's Thirteen,School for Scoundrels
Schindler's List,Teenage Mutant Ninja Turtles,Americathon,Maangamizi: The Ancient One,Condorman,Seeing Other People,Pennies from Heaven,The Gathering,Burglar,Midnight,Hood of Horror,Over the Hedge,Cop
The Godfather,Aachi & Ssipak,Dhadkan,Peyton Place,Let's Do It Again,Zavallilar,Red Riding: 1983,The Clock,Curse of the Pink Panther,The Honeymooners,"Ladies and Gentlemen, The Fabulous Stains",Puppet Master III,Caddyshack
