title,recs
The Lives of Others,"Cinema Paradiso,The Hunt,Life Is Beautiful,The Intouchables,Downfall,City of God,Amélie,Capernaum,Rear Window,American Beauty,The Usual Suspects,Oldboy"
The Shawshank Redemption,"The Dark Knight,Forrest Gump,The Godfather,Fight Club,Inception,Pulp Fiction,The Green Mile,Schindler's List,Se7en,Interstellar,The Godfather Part II,The Lord of the Rings: The Return of the King"
Sunset Blvd.,"Double Indemnity,The Apartment,Witness for the Prosecution,Rear Window,Paths of Glory,Some Like It Hot,Vertigo,Citizen Kane,Casablanca,City Lights,North by Northwest,The Great Dictator"
WALL·E,"Up,Toy Story,Finding Nemo,Ratatouille,Monsters, Inc.,The Lion King,Toy Story 3,The Incredibles,Coco,Inside Out,How to Train Your Dragon,Spirited Away"
Raiders of the Lost Ark,"Indiana Jones and the Last Crusade,Indiana Jones and the Temple of Doom,Indiana Jones and the Kingdom of the Crystal Skull,Star Wars: Episode VI - Return of the Jedi,Star Wars: Episode V - The Empire Strikes Back,Star Wars: Episode IV - A New Hope,Back to the Future,Jurassic Park,Die Hard,Terminator 2: Judgment Day,Alien,Indiana Jones and the Dial of Destiny"
Django Unchained,"Inglourious Basterds,Pulp Fiction,The Wolf of Wall Street,Shutter Island,Joker,Se7en,Forrest Gump,Inception,Fight Club,The Departed,Interstellar,The Dark Knight"
Memento,"The Prestige,Se7en,Inception,Shutter Island,Django Unchained,The Departed,The Usual Suspects,The Dark Knight Rises,Fight Club,Interstellar,Léon: The Professional,Inglourious Basterds"
Apocalypse Now,"Full Metal Jacket,One Flew Over the Cuckoo's Nest,The Godfather Part II,Alien,Platoon,The Godfather,The Usual Suspects,2001: A Space Odyssey,Raiders of the Lost Ark,The Good, the Bad and the Ugly,American History X,A Clockwork Orange"
Once Upon a Time in the West,"The Good, the Bad and the Ugly,For a Few Dollars More,Once Upon a Time in America,A Fistful of Dollars,Rear Window,Modern Times,Seven Samurai,Duck, You Sucker!,Cinema Paradiso,Apocalypse Now,Casablanca,Harakiri"
Alien,"Aliens,Alien³,Alien: Resurrection,Terminator 2: Judgment Day,Back to the Future,Star Wars: Episode IV - A New Hope,Alien: Covenant,The Terminator,The Matrix,The Silence of the Lambs,Raiders of the Lost Ark,Star Wars: Episode V - The Empire Strikes Back"
Oppenheimer,"Barbie,Interstellar,Inception,The Dark Knight,Joker,Fight Club,The Wolf of Wall Street,The Shawshank Redemption,Forrest Gump,Django Unchained,The Dark Knight Rises,Se7en"
City Lights,"Modern Times,The Great Dictator,The Gold Rush,Rear Window,Sunset Blvd.,Witness for the Prosecution,Cinema Paradiso,Casablanca,Harakiri,Paths of Glory,Seven Samurai,Limelight"
Cinema Paradiso,"Life Is Beautiful,Modern Times,The Lives of Others,Casablanca,Grave of the Fireflies,Once Upon a Time in the West,Rear Window,Harakiri,City of God,The Intouchables,City Lights,Seven Samurai"
The Intouchables,"The Green Mile,Léon: The Professional,Parasite,Django Unchained,Forrest Gump,The Pianist,Life Is Beautiful,Green Book,Inception,Gladiator,Inglourious Basterds,The Prestige"
Modern Times,"City Lights,The Great Dictator,The Gold Rush,Casablanca,Cinema Paradiso,Life Is Beautiful,Rear Window,Seven Samurai,Once Upon a Time in the West,Psycho,The Intouchables,Harakiri"
Rear Window,"Vertigo,Psycho,North by Northwest,Dial M for Murder,Casablanca,Rear Window,Sunset Blvd.,Once Upon a Time in the West,Citizen Kane,Modern Times,Rope,Dr. Strangelove or: How I Learned to Stop Worrying and Love the Bomb"
Dances with Wolves,"Platoon,Unforgiven,Braveheart,Robin Hood: Prince of Thieves,Rain Man,The Bodyguard,The Postman,Million Dollar Baby,Groundhog Day,The Untouchables,The Last of the Mohicans,Wyatt Earp"
Aladdin,"The Incredibles,Finding Nemo,Monsters, Inc.,Beauty and the Beast,The Lion King,Ratatouille,Toy Story,Up,Toy Story 3,How to Train Your Dragon,Mulan,Inside Out"
Persona,"The Seventh Seal,Wild Strawberries,The 400 Blows,Persona,Cries & Whispers,Mirror,Stalker,Autumn Sonata,Fanny and Alexander,The Passion of Joan of Arc,8½,Persona"
The Help,"Hidden Figures,Room,12 Years a Slave,Hidden Figures: It All Adds Up - The Making of Hidden Figures,Spotlight,Green Book,Dead Poets Society,Million Dollar Baby,Hotel Rwanda,Into the Wild,Catch Me If You Can,Pirates of the Caribbean: The Curse of the Black Pearl"
The Iron Giant,"Aladdin,The Incredibles,Ratatouille,Monsters, Inc.,How to Train Your Dragon,Finding Nemo,Klaus,WALL·E,Up,Toy Story,Toy Story 3,The Sound of Music"
Life of Brian,"Monty Python and the Holy Grail,The Meaning of Life,Groundhog Day,Monty Python's Flying Circus,Monty Python Live at the Hollywood Bowl,The Big Lebowski,Monty Python's Fliegender Zirkus,And Now for Something Completely Different,The Secret Life of Brian,Jurassic Park,Die Hard,Jaws"
It Happened One Night,"Mr. Smith Goes to Washington,Rebecca,To Be or Not to Be,The Grapes of Wrath,All About Eve,The Best Years of Our Lives,Gone with the Wind,Double Indemnity,The 400 Blows,The General,On the Waterfront,Cool Hand Luke"
The 400 Blows,"Persona,Wild Strawberries,Breathless,Bicycle Thieves,Tokyo Story,Antoine and Colette,The Seventh Seal,Jules and Jim,It Happened One Night,The Passion of Joan of Arc,The Battle of Algiers,Day for Night"
Rebecca,"Dial M for Murder,It Happened One Night,Notorious,North by Northwest,Spellbound,Double Indemnity,Vertigo,The Grapes of Wrath,Rope,Rear Window,All About Eve,Strangers on a Train"
The Sound of Music,"Mary Poppins,The Wizard of Oz,Darby O'Gill and the Little People,Hey Duggee,Aladdin,Sesame Street,Toy Story,The Incredibles,Toy Story 3,The Iron Giant,Monsters, Inc.,Finding Nemo"
Amores Perros,"21 Grams,Biutiful,Babel,Wild Tales,The Secret in Their Eyes,Y tu mamá también,La haine,Pan's Labyrinth,Trainspotting,Hotel Rwanda,The Battle of Algiers,The Handmaiden"
Cool Hand Luke,"The Sting,Butch Cassidy and the Sundance Kid,The Great Escape,The Grapes of Wrath,On the Waterfront,Network,The Hustler,It Happened One Night,The Battle of Algiers,The Bridge on the River Kwai,Rebecca,The Treasure of the Sierra Madre"
Groundhog Day,"Monty Python and the Holy Grail,The Terminator,Die Hard,Life of Brian,The Truman Show,Jaws,Jurassic Park,The Big Lebowski,Dead Poets Society,Pirates of the Caribbean: The Curse of the Black Pearl,Rocky,Back to the Future"
Pather Panchali,"Aparajito,The World of Apu,The Battle of Algiers,Nayak: The Hero,To Be or Not to Be,Tokyo Story,The Passion of Joan of Arc,The 400 Blows,The Grapes of Wrath,The Best Years of Our Lives,Jai Bhim,It Happened One Night"
The Grapes of Wrath,"The Best Years of Our Lives,Mr. Smith Goes to Washington,To Be or Not to Be,Rebecca,It Happened One Night,The Battle of Algiers,The Treasure of the Sierra Madre,Cool Hand Luke,The Wages of Fear,On the Waterfront,Stagecoach,All About Eve"
The Battle of Algiers,"The Wages of Fear,To Be or Not to Be,The Grapes of Wrath,Pather Panchali,The Passion of Joan of Arc,The Best Years of Our Lives,The 400 Blows,Tokyo Story,Cool Hand Luke,Wild Strawberries,It Happened One Night,Persona"
To Be or Not to Be,"The Best Years of Our Lives,It Happened One Night,The Battle of Algiers,The Grapes of Wrath,The Wages of Fear,The Passion of Joan of Arc,Mr. Smith Goes to Washington,Rebecca,The General,Double Indemnity,Pather Panchali,Sherlock Jr."
Hachi: A Dog's Tale,"Up,Monsters, Inc.,Ratatouille,Finding Nemo,The Incredibles,How to Train Your Dragon,Harry Potter and the Deathly Hallows: Part 2,WALL·E,Toy Story,Inside Out,The Lion King,Hachi-ko"
The Handmaiden,"Oldboy,Memories of Murder,Lady Vengeance,Decision to Leave,Thirst,Burning,Parasite,Sympathy for Mr. Vengeance,Mother,I Saw the Devil,Amores Perros,Wild Tales"
My Father and My Son,"Like Stars on Earth,Children of Heaven,Hachi: A Dog's Tale,My Grandfather's People,Up,Süt Kardesler,Harry Potter and the Deathly Hallows: Part 2,Finding Nemo,The Incredibles,Toy Story,How to Train Your Dragon,Neseli Günler"
The Incredibles,"Monsters, Inc.,Finding Nemo,Incredibles 2,Ratatouille,Up,Toy Story,Toy Story 3,How to Train Your Dragon,WALL·E,Inside Out,Aladdin,The Lion King"
La haine,"Trainspotting,Persona,Taxi Driver,Raging Bull,Amores Perros,A Clockwork Orange,City of God,The Seventh Seal,La haine,The Big Lebowski,Reservoir Dogs,Amélie"
Pirates of the Caribbean: The Curse of the Black Pearl,"Pirates of the Caribbean: Dead Man's Chest,Pirates of the Caribbean: At World's End,Pirates of the Caribbean: On Stranger Tides,Pirates of the Caribbean: Dead Men Tell No Tales,Jurassic Park,Batman Begins,Logan,Avengers: Infinity War,The Lord of the Rings: The Fellowship of the Ring,The Lord of the Rings: The Two Towers,Pirates of the Caribbean: Tales of the Code: Wedlocked,The Dark Knight Rises"
The Wizard of Oz,"The Sound of Music,Mary Poppins,Toy Story,Aladdin,Darby O'Gill and the Little People,Toy Story 3,Hey Duggee,Sesame Street,Monsters, Inc.,The Incredibles,The Wizard of Oz,Finding Nemo"
The Best Years of Our Lives,"The Grapes of Wrath,To Be or Not to Be,It Happened One Night,Mr. Smith Goes to Washington,The Battle of Algiers,Rebecca,All About Eve,The Wages of Fear,The Passion of Joan of Arc,The Treasure of the Sierra Madre,On the Waterfront,The General"
Stand by Me,"Jaws,Groundhog Day,Dead Poets Society,Rocky,Into the Wild,Life of Brian,The Terminator,Stand by Me: Deleted and Alternate Scenes,The Big Lebowski,Trainspotting,Die Hard,Good Will Hunting"
Into the Wild,"Dead Poets Society,Rush,12 Years a Slave,Room,A Beautiful Mind,Million Dollar Baby,Pirates of the Caribbean: The Curse of the Black Pearl,Before Sunset,Gran Torino,Catch Me If You Can,Good Will Hunting,Green Book"
Network,"Cool Hand Luke,Chinatown,On the Waterfront,The Battle of Algiers,The Third Man,The Sting,The Grapes of Wrath,The Wages of Fear,The Best Years of Our Lives,The Apartment,Barry Lyndon,Platoon"
The Exorcist,"Halloween,Beetlejuice,Scream,The Shining,The Exorcist III,The Thing,Exorcist II: The Heretic,Saw,The Exorcist: Believer,It,Get Out,Exorcist: The Beginning"
Jai Bhim,"Soorarai Pottru,Vikram,Asuran,Kaithi,Raatchasan,Vikram Vedha,Dangal,K.G.F: Chapter 2,Pushpa: The Rise - Part 1,K.G.F: Chapter 1,Sita Ramam,96"
Rush,"Ford v Ferrari,Warrior,Into the Wild,Logan,Gran Torino,Hacksaw Ridge,Million Dollar Baby,Pirates of the Caribbean: The Curse of the Black Pearl,12 Years a Slave,Spotlight,Mad Max: Fury Road,1917"
Platoon,"The Deer Hunter,Full Metal Jacket,Apocalypse Now,Rocky,Unforgiven,Born on the Fourth of July,Gran Torino,Jaws,Die Hard,Dances with Wolves,The Terminator,Raging Bull"
Before Sunset,"Before Sunrise,Before Midnight,Into the Wild,Dead Poets Society,Boyhood,Eternal Sunshine of the Spotless Mind,Mary and Max,Room,Amélie,Hotel Rwanda,A Beautiful Mind,Gone Girl"
The Passion of Joan of Arc,"Sherlock Jr.,The General,Tokyo Story,To Be or Not to Be,The Battle of Algiers,Wild Strawberries,The Gold Rush,The 400 Blows,The Wages of Fear,Metropolis,Persona,Mr. Smith Goes to Washington"
The Terminator,"Terminator 2: Judgment Day,Terminator 3: Rise of the Machines,Die Hard,Jurassic Park,Terminator Salvation,Aliens,Alien,Terminator Genisys,Terminator: Dark Fate,Predator,Back to the Future,Jaws"
Spotlight,"Room,12 Years a Slave,Three Billboards Outside Ebbing, Missouri,Green Book,Million Dollar Baby,Into the Wild,Rush,Gone Girl,A Beautiful Mind,Gran Torino,The Help,Hotel Rwanda"
Ratatouille,"Up,Monsters, Inc.,The Incredibles,Finding Nemo,WALL·E,Toy Story,Inside Out,Toy Story 3,How to Train Your Dragon,Coco,The Lion King,Aladdin"
Hotel Rwanda,"Into the Wild,12 Years a Slave,Million Dollar Baby,Room,Mary and Max,Spotlight,Gran Torino,Downfall,Dead Poets Society,Groundhog Day,A Beautiful Mind,Platoon"
Logan,"Deadpool,Avengers: Infinity War,Deadpool 2,Mad Max: Fury Road,X-Men: Days of Future Past,Avengers: Endgame,The Dark Knight Rises,The Wolverine,Spider-Man: No Way Home,Batman Begins,X-Men: First Class,Pirates of the Caribbean: The Curse of the Black Pearl"
Rocky,"Rocky II,Rocky III,Rocky IV,Rocky V,Rocky Balboa,The Terminator,Jaws,Creed,Die Hard,First Blood,Jurassic Park,Pirates of the Caribbean: The Curse of the Black Pearl"
Tokyo Story,"The Passion of Joan of Arc,Late Spring,Rashomon,Ikiru,The 400 Blows,The Wages of Fear,Wild Strawberries,Yojimbo,Bicycle Thieves,Early Summer,Pather Panchali,The Battle of Algiers"
The Big Lebowski,"Fargo,Trainspotting,No Country for Old Men,Reservoir Dogs,Kill Bill: Vol. 1,Snatch,Lock, Stock and Two Smoking Barrels,The Big Lebowski 2,The Truman Show,The Grand Budapest Hotel,Full Metal Jacket,Catch Me If You Can"
The Seventh Seal,"Wild Strawberries,Persona,The 400 Blows,Citizen Kane,Rashomon,Fanny and Alexander,Cries & Whispers,Stalker,Bicycle Thieves,Barry Lyndon,The Seventh Seal,Paths of Glory"
Ford v Ferrari,"Rush,1917,Hacksaw Ridge,Logan,Catch Me If You Can,Green Book,Top Gun: Maverick,Mad Max: Fury Road,Ford v Ferrari - What really happened,Batman Begins,Pirates of the Caribbean: The Curse of the Black Pearl,Joker"
Room,"Spotlight,Gone Girl,Into the Wild,12 Years a Slave,The Help,Three Billboards Outside Ebbing, Missouri,Green Book,Million Dollar Baby,Hotel Rwanda,Hacksaw Ridge,Mad Max: Fury Road,Mary and Max"
How to Train Your Dragon,"How to Train Your Dragon 2,Monsters, Inc.,How to Train Your Dragon: The Hidden World,The Incredibles,Finding Nemo,Ratatouille,Up,WALL·E,Toy Story,Toy Story 3,Inside Out,Harry Potter and the Deathly Hallows: Part 2"
Jaws,"Jurassic Park,Jaws 2,The Terminator,Rocky,Die Hard,Indiana Jones and the Last Crusade,Alien,Raiders of the Lost Ark,Back to the Future,Groundhog Day,Jaws 3-D,Jaws: The Revenge"
"Monsters, Inc.","Finding Nemo,The Incredibles,Up,Ratatouille,Toy Story,Monsters University,Toy Story 3,WALL·E,Inside Out,How to Train Your Dragon,The Lion King,Aladdin"
Mad Max: Fury Road,"Logan,Django Unchained,Mad Max,The Dark Knight Rises,Catch Me If You Can,Kill Bill: Vol. 1,Batman Begins,The Revenant,Shutter Island,Jurassic Park,Inglourious Basterds,Pirates of the Caribbean: The Curse of the Black Pearl"
Mary and Max,"Hotel Rwanda,Wild Tales,Room,Before Sunset,A Separation,Amélie,Capernaum,Into the Wild,Harvie Krumpet,The Elephant Man,The Seventh Seal,Dead Poets Society"
Sherlock Jr.,"The General,The Gold Rush,The Passion of Joan of Arc,The Navigator,Seven Chances,City Lights,Wild Strawberries,M,Metropolis,To Be or Not to Be,Modern Times,Our Hospitality"
Mr. Smith Goes to Washington,"It Happened One Night,The Grapes of Wrath,To Be or Not to Be,The Treasure of the Sierra Madre,The Best Years of Our Lives,Rebecca,You Can't Take It with You,On the Waterfront,The Wages of Fear,Double Indemnity,All About Eve,The Third Man"
Dead Poets Society,"Good Will Hunting,The Truman Show,A Beautiful Mind,Eternal Sunshine of the Spotless Mind,Into the Wild,The Grand Budapest Hotel,Catch Me If You Can,Dead Poets Society,Groundhog Day,Amélie,American Beauty,The Intouchables"
Wild Tales,"The Secret in Their Eyes,Nine Queens,Amores Perros,Mary and Max,Memories of Murder,Wild Tales,A Separation,Capernaum,The Lives of Others,Room,The Hunt,Incendies"
The Third Man,"Double Indemnity,The Treasure of the Sierra Madre,On the Waterfront,The Wages of Fear,Sunset Blvd.,The General,Touch of Evil,Dial M for Murder,Rebecca,Citizen Kane,All About Eve,M"
The Deer Hunter,"Platoon,Raging Bull,Apocalypse Now,Casino,Full Metal Jacket,Heaven's Gate,Year of the Dragon,Taxi Driver,Once Upon a Time in America,In the Name of the Father,Chinatown,Unforgiven"
The Wages of Fear,"The Battle of Algiers,The Third Man,To Be or Not to Be,The Treasure of the Sierra Madre,Tokyo Story,Mr. Smith Goes to Washington,Wild Strawberries,The Passion of Joan of Arc,The General,The Grapes of Wrath,On the Waterfront,Diabolique"
Wild Strawberries,"The Seventh Seal,Persona,Cries & Whispers,Fanny and Alexander,The 400 Blows,Autumn Sonata,Tokyo Story,The Virgin Spring,Winter Light,The Passion of Joan of Arc,The General,The Wages of Fear"
In the Name of the Father,"My Left Foot,The Deer Hunter,On the Waterfront,Unforgiven,Million Dollar Baby,Hotel Rwanda,Platoon,Ben-Hur,The Elephant Man,There Will Be Blood,The Boxer,The Secret in Their Eyes"
Memories of Murder,"Oldboy,Mother,I Saw the Devil,The Handmaiden,Parasite,The Chaser,The Host,The Wailing,The Hunt,Wild Tales,The Secret in Their Eyes,Lady Vengeance"
Hacksaw Ridge,"1917,Fury,Saving Private Ryan,Ford v Ferrari,Catch Me If You Can,Mad Max: Fury Road,Green Book,12 Years a Slave,Django Unchained,Logan,Inglourious Basterds,Shutter Island"
On the Waterfront,"A Streetcar Named Desire,The Bridge on the River Kwai,The Treasure of the Sierra Madre,The Third Man,All About Eve,Mr. Smith Goes to Washington,Dial M for Murder,Double Indemnity,Ben-Hur,Cool Hand Luke,Gone with the Wind,The Apartment"
The General,"Sherlock Jr.,The Gold Rush,The Passion of Joan of Arc,City Lights,Metropolis,Wild Strawberries,Modern Times,The Navigator,It Happened One Night,The Third Man,Seven Chances,The Wages of Fear"
Barry Lyndon,"Paths of Glory,Dr. Strangelove or: How I Learned to Stop Worrying and Love the Bomb,A Clockwork Orange,2001: A Space Odyssey,Full Metal Jacket,Lolita,Eyes Wide Shut,Spartacus,The Killing,Chinatown,Vertigo,Rashomon"
The Gold Rush,"City Lights,Modern Times,The General,The Great Dictator,Sherlock Jr.,Metropolis,The Passion of Joan of Arc,Limelight,It Happened One Night,Bicycle Thieves,M,On the Waterfront"
Ben-Hur,"The Bridge on the River Kwai,Gone with the Wind,Lawrence of Arabia,Ben-Hur,The Great Escape,On the Waterfront,Platoon,Rocky,Some Like It Hot,Spartacus,North by Northwest,The Sting"
Gone Girl,"Prisoners,Shutter Island,Se7en,Zodiac,Catch Me If You Can,Memento,The Prestige,The Social Network,Fight Club,The Truman Show,The Grand Budapest Hotel,Joker"
The Grand Budapest Hotel,"The Royal Tenenbaums,The Darjeeling Limited,The Truman Show,Catch Me If You Can,The Life Aquatic with Steve Zissou,Gone Girl,Kill Bill: Vol. 1,Bottle Rocket,Hello, Jack! The Kindness Show,Shutter Island,Green Book,Inglourious Basterds"
Before Sunrise,"Before Sunset,Before Midnight,Dead Poets Society,Eternal Sunshine of the Spotless Mind,Into the Wild,Gone Girl,The Grand Budapest Hotel,Boyhood,Amélie,A Beautiful Mind,Catch Me If You Can,Good Will Hunting"
Harry Potter and the Deathly Hallows: Part 2,"Harry Potter and the Deathly Hallows: Part 1,Harry Potter and the Half-Blood Prince,Harry Potter and the Order of the Phoenix,Harry Potter and the Goblet of Fire,Harry Potter and the Prisoner of Azkaban,Harry Potter and the Chamber of Secrets,Harry Potter and the Sorcerer's Stone,Monsters, Inc.,Finding Nemo,Up,Fantastic Beasts and Where to Find Them,How to Train Your Dragon"
12 Years a Slave,"Million Dollar Baby,Catch Me If You Can,Green Book,Gran Torino,Gone Girl,A Beautiful Mind,The Intouchables,The Grand Budapest Hotel,Hacksaw Ridge,Spotlight,The Green Mile,V for Vendetta"
Blade Runner,"Blade Runner 2049,Mad Max: Fury Road,Alien,The Terminator,2001: A Space Odyssey,Kill Bill: Vol. 1,Aliens,2036: Nexus Dawn,A Clockwork Orange,Star Wars: Episode VI - Return of the Jedi,Jurassic Park,Jaws"
Children of Heaven,"The Color of Paradise,Like Stars on Earth,My Father and My Son,The Kid,Klaus,Hachi: A Dog's Tale,The Song of Sparrows,Where Is the Friend's House?,Monsters, Inc.,My Neighbor Totoro,Inside Out,Finding Nemo"
Million Dollar Baby,"Gran Torino,12 Years a Slave,A Beautiful Mind,Warrior,Unforgiven,Catch Me If You Can,The Sixth Sense,Rocky,V for Vendetta,Kill Bill: Vol. 1,The Truman Show,American Beauty"
My Neighbor Totoro,"Howl's Moving Castle,Spirited Away,Castle in the Sky,Ponyo,Kiki's Delivery Service,The Secret World of Arrietty,Whisper of the Heart,Hey Duggee,The Cat Returns,Toy Story,From Up on Poppy Hill,Darby O'Gill and the Little People"
Klaus,"Coco,How to Train Your Dragon,Ratatouille,Inside Out,Up,Monsters, Inc.,WALL·E,Finding Nemo,The Iron Giant,The Incredibles,Howl's Moving Castle,Aladdin"
Catch Me If You Can,"Shutter Island,The Wolf of Wall Street,The Truman Show,Django Unchained,Forrest Gump,Inglourious Basterds,The Departed,Joker,Inception,Se7en,Fight Club,A Beautiful Mind"
Gran Torino,"Million Dollar Baby,Unforgiven,Warrior,Catch Me If You Can,No Country for Old Men,12 Years a Slave,Fargo,The Sixth Sense,Trainspotting,V for Vendetta,The Mule,Kill Bill: Vol. 1"
Warrior,"Gran Torino,Million Dollar Baby,Rush,12 Years a Slave,Prisoners,Warrior,Voin,Mad Max: Fury Road,Logan,V for Vendetta,Lock, Stock and Two Smoking Barrels,The Fighter"
Trainspotting,"T2 Trainspotting,Lock, Stock and Two Smoking Barrels,The Big Lebowski,Snatch,Fargo,A Clockwork Orange,Requiem for a Dream,Kill Bill: Vol. 1,Reservoir Dogs,The Truman Show,Gran Torino,American Beauty"
Fargo,"The Big Lebowski,No Country for Old Men,Trainspotting,Reservoir Dogs,Fargo,Gran Torino,Fargo,Kill Bill: Vol. 1,Snatch,Full Metal Jacket,Three Billboards Outside Ebbing, Missouri,Burn After Reading"
The Bridge on the River Kwai,"The Great Escape,Lawrence of Arabia,Ben-Hur,On the Waterfront,Gone with the Wind,The Sting,The Treasure of the Sierra Madre,Cool Hand Luke,Doctor Zhivago,Some Like It Hot,North by Northwest,To Kill a Mockingbird"
Inside Out,"Up,Finding Nemo,Monsters, Inc.,Ratatouille,The Incredibles,Toy Story,Coco,Toy Story 3,WALL·E,How to Train Your Dragon,Zootopia,Inside Out 2"
"Three Billboards Outside Ebbing, Missouri","Green Book,The Grand Budapest Hotel,In Bruges,Gran Torino,Lock, Stock and Two Smoking Barrels,Fargo,Room,Spotlight,1917,No Country for Old Men,Kill Bill: Vol. 1,Trainspotting"
Spider-Man: No Way Home,"Spider-Man: Far from Home,Avengers: Endgame,Spider-Man: Homecoming,Avengers: Infinity War,Thor: Ragnarok,Spider-Man,Captain America: Civil War,Doctor Strange,The Avengers,Doctor Strange in the Multiverse of Madness,Spider-Man 2,The Amazing Spider-Man"
"Lock, Stock and Two Smoking Barrels","Snatch,Trainspotting,RocknRolla,Lock, Stock...,The Big Lebowski,Gran Torino,Reservoir Dogs,Kill Bill: Vol. 1,Fargo,Three Billboards Outside Ebbing, Missouri,No Country for Old Men,V for Vendetta"
Raging Bull,"Casino,Taxi Driver,The King of Comedy,Mean Streets,Cape Fear,Goodfellas,The Irishman,Gangs of New York,The Deer Hunter,The Last Temptation of Christ,The Aviator,The Bronx Bull"
V for Vendetta,"Kill Bill: Vol. 1,The Truman Show,A Beautiful Mind,Catch Me If You Can,Léon: The Professional,Shutter Island,Mad Max: Fury Road,Batman Begins,The Sixth Sense,The Prestige,'V for Vendetta' Unmasked,Logan"
Prisoners,"Shutter Island,Gone Girl,Nightcrawler,No Country for Old Men,Se7en,Catch Me If You Can,The Prestige,Zodiac,The Wolf of Wall Street,The Departed,Batman Begins,Joker"
The Secret in Their Eyes,"Wild Tales,Amores Perros,Nine Queens,Secret in Their Eyes,The Lives of Others,Incendies,Memories of Murder,The Hunt,A Separation,Downfall,The Invisible Guest,Hotel Rwanda"
Dial M for Murder,"Rear Window,North by Northwest,Vertigo,Rope,To Catch a Thief,Strangers on a Train,Rebecca,The Man Who Knew Too Much,Double Indemnity,Witness for the Prosecution,Psycho,Notorious"
Howl's Moving Castle,"My Neighbor Totoro,Spirited Away,Castle in the Sky,Ponyo,Kiki's Delivery Service,The Secret World of Arrietty,Hey Duggee,Toy Story,Darby O'Gill and the Little People,Toy Story 3,Sesame Street,Whisper of the Heart"
Gone with the Wind,"Casablanca,Ben-Hur,Some Like It Hot,Citizen Kane,To Kill a Mockingbird,Lawrence of Arabia,Singin' in the Rain,The Bridge on the River Kwai,Scarlett,Vertigo,North by Northwest,On the Waterfront"
Chinatown,"Raging Bull,Vertigo,The Elephant Man,Fargo,L.A. Confidential,The Two Jakes,Rear Window,The Sting,Barry Lyndon,Citizen Kane,Unforgiven,Apocalypse Now"
The Elephant Man,"Eraserhead,Blue Velvet,Chinatown,Mulholland Drive,Lost Highway,A Clockwork Orange,Raging Bull,Dr. Strangelove or: How I Learned to Stop Worrying and Love the Bomb,Unforgiven,2001: A Space Odyssey,The Straight Story,Pan's Labyrinth"
Rashomon,"Yojimbo,Seven Samurai,Ran,Ikiru,The Hidden Fortress,Throne of Blood,Sanjuro,High and Low,Harakiri,Tokyo Story,Kagemusha,Bicycle Thieves"
The Great Escape,"The Bridge on the River Kwai,The Sting,Cool Hand Luke,The Great Escape II: The Untold Story,Lawrence of Arabia,Ben-Hur,Unforgiven,The Great Escape,The Treasure of the Sierra Madre,The Magnificent Seven,Some Like It Hot,For a Few Dollars More"
Finding Nemo,"Monsters, Inc.,Up,The Incredibles,Toy Story,Ratatouille,Toy Story 3,Finding Dory,WALL·E,Inside Out,How to Train Your Dragon,The Lion King,Aladdin"
Monty Python and the Holy Grail,"Life of Brian,The Meaning of Life,Monty Python's Flying Circus,Jurassic Park,Groundhog Day,Die Hard,Monty Python Live at the Hollywood Bowl,Indiana Jones and the Last Crusade,Monty Python's Fliegender Zirkus,Raiders of the Lost Ark,Star Wars: Episode VI - Return of the Jedi,And Now for Something Completely Different"
The Thing,"The Thing,Alien,The Shining,The Exorcist,Halloween,Aliens,Jaws,A Nightmare on Elm Street,Terminator 2: Judgment Day,The Terminator,Jurassic Park,Psycho"
Yojimbo,"Sanjuro,Rashomon,The Hidden Fortress,Ran,Throne of Blood,Seven Samurai,High and Low,Ikiru,Harakiri,Kagemusha,Red Beard,The Treasure of the Sierra Madre"
Kill Bill: Vol. 1,"Kill Bill: Vol. 2,Reservoir Dogs,Inglourious Basterds,Pulp Fiction,Django Unchained,The Truman Show,The Hateful Eight,No Country for Old Men,Catch Me If You Can,Kill Bill: The Whole Bloody Affair,Shutter Island,The Wolf of Wall Street"
No Country for Old Men,"There Will Be Blood,Kill Bill: Vol. 1,Inglourious Basterds,Reservoir Dogs,Shutter Island,The Departed,Django Unchained,Catch Me If You Can,Taxi Driver,The Truman Show,The Wolf of Wall Street,Prisoners"
The Treasure of the Sierra Madre,"All About Eve,Double Indemnity,The Third Man,On the Waterfront,The Maltese Falcon,The Bridge on the River Kwai,Mr. Smith Goes to Washington,The Wages of Fear,The Grapes of Wrath,Some Like It Hot,Dial M for Murder,The Great Escape"
Unforgiven,"Gran Torino,Million Dollar Baby,For a Few Dollars More,Platoon,The Good, the Bad and the Ugly,Braveheart,Once Upon a Time in the West,The Sting,The Sixth Sense,Dances with Wolves,Full Metal Jacket,Die Hard"
A Beautiful Mind,"Good Will Hunting,Catch Me If You Can,The Truman Show,Shutter Island,American Beauty,The Intouchables,The Sixth Sense,V for Vendetta,Gladiator,Green Book,The Green Mile,Million Dollar Baby"
The Sixth Sense,"The Truman Show,Jurassic Park,A Beautiful Mind,Shutter Island,Die Hard,Good Will Hunting,Catch Me If You Can,Kill Bill: Vol. 1,V for Vendetta,Signs,The Green Mile,American Beauty"
Jurassic Park,"The Lost World: Jurassic Park,Jurassic World,Jurassic Park III,Back to the Future,Pirates of the Caribbean: The Curse of the Black Pearl,Indiana Jones and the Last Crusade,Star Wars: Episode VI - Return of the Jedi,Jaws,The Terminator,Raiders of the Lost Ark,Star Wars: Episode IV - A New Hope,Die Hard"
Shutter Island,"The Wolf of Wall Street,Django Unchained,Inception,Se7en,Catch Me If You Can,Joker,The Departed,Fight Club,Inglourious Basterds,The Prestige,Forrest Gump,The Truman Show"
Ran,"Yojimbo,Kagemusha,Rashomon,Ikiru,Seven Samurai,High and Low,The Hidden Fortress,Throne of Blood,Harakiri,Sanjuro,The Seventh Seal,Dreams"
Pan's Labyrinth,"The Sixth Sense,Amélie,Kill Bill: Vol. 1,V for Vendetta,Jurassic Park,The Truman Show,Mad Max: Fury Road,Eternal Sunshine of the Spotless Mind,The Shape of Water,Million Dollar Baby,Trainspotting,Requiem for a Dream"
Casino,"Goodfellas,Raging Bull,Taxi Driver,Scarface,The Departed,The Irishman,Heat,Cape Fear,Shutter Island,Gangs of New York,Reservoir Dogs,The Wolf of Wall Street"
All About Eve,"Double Indemnity,Some Like It Hot,The Treasure of the Sierra Madre,The Apartment,On the Waterfront,Sunset Blvd.,Rebecca,It Happened One Night,Judgment at Nuremberg,Mr. Smith Goes to Washington,The Third Man,The Best Years of Our Lives"
Judgment at Nuremberg,"All About Eve,The Treasure of the Sierra Madre,Witness for the Prosecution,To Kill a Mockingbird,The Bridge on the River Kwai,Some Like It Hot,The Great Escape,The Wages of Fear,On the Waterfront,The Sting,Yojimbo,Double Indemnity"
The Father,"Green Book,The Hunt,1917,Capernaum,Three Billboards Outside Ebbing, Missouri,The Intouchables,The Son,The Truman Show,Room,12 Years a Slave,Nomadland,A Separation"
The Truman Show,"Catch Me If You Can,Shutter Island,The Wolf of Wall Street,Forrest Gump,Eternal Sunshine of the Spotless Mind,Joker,Django Unchained,Kill Bill: Vol. 1,Good Will Hunting,Inglourious Basterds,Fight Club,Se7en"
The Wolf of Wall Street,"Shutter Island,Joker,Django Unchained,Inception,Fight Club,Forrest Gump,Inglourious Basterds,Interstellar,Catch Me If You Can,The Dark Knight,Pulp Fiction,The Departed"
There Will Be Blood,"No Country for Old Men,Taxi Driver,Phantom Thread,Shutter Island,The Departed,Reservoir Dogs,Casino,Scarface,Lincoln,Gangs of New York,Django Unchained,V for Vendetta"
The Kid,"The Circus,Children of Heaven,The Kid,The Wizard of Oz,Toy Story,It's a Wonderful Life,Toy Story 3,Stillwater,My Neighbor Totoro,WALL·E,Like Stars on Earth,The Sound of Music"
Green Book,"The Intouchables,1917,Catch Me If You Can,12 Years a Slave,The Truman Show,Shutter Island,A Beautiful Mind,Parasite,Joker,Three Billboards Outside Ebbing, Missouri,Hacksaw Ridge,Good Will Hunting"
Some Like It Hot,"The Apartment,Sunset Blvd.,Gone with the Wind,Double Indemnity,Singin' in the Rain,Vertigo,The Seven Year Itch,North by Northwest,All About Eve,Gentlemen Prefer Blondes,Dial M for Murder,Casablanca"
Batman Begins,"The Dark Knight Rises,The Dark Knight,Joker,Inception,Avengers: Infinity War,Avengers: Endgame,The Prestige,The Wolf of Wall Street,Shutter Island,Django Unchained,Interstellar,The Batman"
Top Gun: Maverick,"Top Gun,1917,Joker,Spider-Man: No Way Home,Avengers: Infinity War,The Wolf of Wall Street,Ford v Ferrari,Batman Begins,Avengers: Endgame,The Dark Knight Rises,Interstellar,Jurassic Park"
For a Few Dollars More,"A Fistful of Dollars,The Good, the Bad and the Ugly,Once Upon a Time in the West,Unforgiven,Duck, You Sucker!,Once Upon a Time in America,Full Metal Jacket,The Outlaw Josey Wales,The Great Escape,High Plains Drifter,Gran Torino,Apocalypse Now"
Dangal,"3 Idiots,PK,Bajrangi Bhaijaan,Lagaan: Once Upon a Time in India,Drishyam,Baahubali 2: The Conclusion,Jai Bhim,Ghajini,Munna Bhai M.B.B.S.,Baahubali: The Beginning,Chhichhore,Secret Superstar"
Downfall,"The Lives of Others,Das Boot,1917,Hotel Rwanda,Full Metal Jacket,The Hunt,Die Hard,Capernaum,The Pianist,A Beautiful Mind,Gran Torino,Pan's Labyrinth"
Taxi Driver,"Goodfellas,Scarface,Shutter Island,Raging Bull,The Wolf of Wall Street,Casino,Reservoir Dogs,A Clockwork Orange,The Departed,No Country for Old Men,Fight Club,Joker"
Bicycle Thieves,"The 400 Blows,Citizen Kane,M,Rashomon,Ikiru,Metropolis,Double Indemnity,Wild Strawberries,Tokyo Story,Vertigo,Modern Times,Paths of Glory"
L.A. Confidential,"Heat,The Usual Suspects,Snatch,Casino,American Beauty,Die Hard,A Beautiful Mind,Chinatown,Reservoir Dogs,White Jazz,Good Will Hunting,Unforgiven"
Like Stars on Earth,"Chak De! India,My Father and My Son,Children of Heaven,Up,English Vinglish,Veer-Zaara,How to Train Your Dragon,Ratatouille,Harry Potter and the Deathly Hallows: Part 2,Toy Story,Finding Nemo,Hachi: A Dog's Tale"
1917,"Hacksaw Ridge,Dunkirk,Joker,Saving Private Ryan,Shutter Island,Green Book,Parasite,Django Unchained,Inglourious Basterds,The Wolf of Wall Street,The Dark Knight Rises,Batman Begins"
Snatch,"Lock, Stock and Two Smoking Barrels,Reservoir Dogs,Scarface,Trainspotting,Kill Bill: Vol. 1,No Country for Old Men,Die Hard,The Big Lebowski,Inglourious Basterds,The Usual Suspects,Full Metal Jacket,The Truman Show"
Die Hard,"Die Hard 2,Die Hard with a Vengeance,Indiana Jones and the Last Crusade,The Terminator,Jurassic Park,Terminator 2: Judgment Day,Back to the Future,Raiders of the Lost Ark,Star Wars: Episode VI - Return of the Jedi,Live Free or Die Hard,The Sixth Sense,Braveheart"
Indiana Jones and the Last Crusade,"Raiders of the Lost Ark,Indiana Jones and the Temple of Doom,Indiana Jones and the Kingdom of the Crystal Skull,Die Hard,Star Wars: Episode VI - Return of the Jedi,Jurassic Park,Star Wars: Episode IV - A New Hope,Star Wars: Episode V - The Empire Strikes Back,Back to the Future,Pirates of the Caribbean: The Curse of the Black Pearl,Terminator 2: Judgment Day,Jaws"
Metropolis,"M,The General,The Gold Rush,Citizen Kane,Bicycle Thieves,The Great Dictator,The Cabinet of Dr. Caligari,Metropolis,The Passion of Joan of Arc,Nosferatu,City Lights,Singin' in the Rain"
A Separation,"The Salesman,About Elly,Capernaum,Incendies,Life and a Day,The Lives of Others,The Hunt,Dangal,3 Idiots,Amélie,A Hero,Leila's Brothers"
The Sting,"Cool Hand Luke,Butch Cassidy and the Sundance Kid,To Kill a Mockingbird,The Great Escape,North by Northwest,Some Like It Hot,The Bridge on the River Kwai,The Apartment,The Sting II,Chinatown,Unforgiven,Gone with the Wind"
Hamilton,"Monty Python and the Holy Grail,To Kill a Mockingbird,Star Wars: Episode VI - Return of the Jedi,Indiana Jones and the Last Crusade,Jurassic Park,Avengers: Endgame,Die Hard,Singin' in the Rain,Avengers: Infinity War,Spider-Man: No Way Home,Raiders of the Lost Ark,Top Gun: Maverick"
Up,"WALL·E,Finding Nemo,Ratatouille,Monsters, Inc.,Toy Story,The Incredibles,Inside Out,Toy Story 3,Coco,How to Train Your Dragon,The Lion King,Toy Story 2"
Heat,"Scarface,Casino,Goodfellas,Taxi Driver,L.A. Confidential,Reservoir Dogs,L.A. Takedown,The Usual Suspects,The Departed,Snatch,No Country for Old Men,The Godfather Part II"
To Kill a Mockingbird,"The Sting,Singin' in the Rain,Lawrence of Arabia,Gone with the Wind,Citizen Kane,North by Northwest,Vertigo,Double Indemnity,Die Hard,Some Like It Hot,Casablanca,To Kill a Mockingbird"
Full Metal Jacket,"A Clockwork Orange,Reservoir Dogs,2001: A Space Odyssey,Scarface,Apocalypse Now,The Shining,Dr. Strangelove or: How I Learned to Stop Worrying and Love the Bomb,Barry Lyndon,Kill Bill: Vol. 1,Taxi Driver,Platoon,American History X"
Incendies,"A Separation,The Hunt,Capernaum,The Lives of Others,The Secret in Their Eyes,Prisoners,Amélie,Memories of Murder,Polytechnique,Oldboy,The Father,Wild Tales"
A Clockwork Orange,"Full Metal Jacket,2001: A Space Odyssey,The Shining,Reservoir Dogs,Dr. Strangelove or: How I Learned to Stop Worrying and Love the Bomb,Taxi Driver,Scarface,Requiem for a Dream,One Flew Over the Cuckoo's Nest,Barry Lyndon,Kill Bill: Vol. 1,The Truman Show"
Amélie,"Eternal Sunshine of the Spotless Mind,American Beauty,A Clockwork Orange,The Intouchables,Requiem for a Dream,The Truman Show,Life Is Beautiful,A Very Long Engagement,The Grand Budapest Hotel,A Beautiful Mind,Léon: The Professional,Kill Bill: Vol. 1"
Scarface,"Taxi Driver,Goodfellas,Django Unchained,The Godfather Part II,Reservoir Dogs,The Godfather,Inglourious Basterds,Casino,The Wolf of Wall Street,The Departed,Pulp Fiction,Catch Me If You Can"
Double Indemnity,"Sunset Blvd.,The Apartment,Witness for the Prosecution,All About Eve,Some Like It Hot,North by Northwest,Dial M for Murder,The Third Man,Vertigo,M,The Treasure of the Sierra Madre,Rebecca"
Vertigo,"Rear Window,North by Northwest,Psycho,Dial M for Murder,Citizen Kane,Rope,The Birds,Casablanca,Dr. Strangelove or: How I Learned to Stop Worrying and Love the Bomb,The Apartment,Sunset Blvd.,Double Indemnity"
The Apartment,"Some Like It Hot,Double Indemnity,Sunset Blvd.,Witness for the Prosecution,North by Northwest,Vertigo,All About Eve,Rear Window,M,The Sting,Dial M for Murder,Citizen Kane"
M,"Metropolis,Double Indemnity,Ikiru,Citizen Kane,Bicycle Thieves,The Apartment,City Lights,Sunset Blvd.,Vertigo,North by Northwest,Dial M for Murder,High and Low"
Citizen Kane,"Vertigo,Casablanca,Singin' in the Rain,North by Northwest,Lawrence of Arabia,Dr. Strangelove or: How I Learned to Stop Worrying and Love the Bomb,Rear Window,2001: A Space Odyssey,M,Sunset Blvd.,Gone with the Wind,The Great Dictator"
North by Northwest,"Vertigo,Rear Window,Dial M for Murder,Citizen Kane,Psycho,The Apartment,Double Indemnity,The Birds,Rope,Casablanca,Some Like It Hot,Sunset Blvd."
Ikiru,"High and Low,Ran,Rashomon,Yojimbo,Harakiri,Seven Samurai,M,Come and See,Tokyo Story,Throne of Blood,Ikiru,The Hidden Fortress"
Lawrence of Arabia,"The Bridge on the River Kwai,Citizen Kane,Ben-Hur,To Kill a Mockingbird,Gone with the Wind,North by Northwest,Singin' in the Rain,Vertigo,Casablanca,The Great Escape,Dr. Strangelove or: How I Learned to Stop Worrying and Love the Bomb,A Dangerous Man: Lawrence After Arabia"
The Hunt,"The Lives of Others,Requiem for a Dream,Oldboy,The Intouchables,Eternal Sunshine of the Spotless Mind,Another Round,Amélie,Capernaum,American Beauty,Life Is Beautiful,Memento,Léon: The Professional"
Reservoir Dogs,"Kill Bill: Vol. 1,Pulp Fiction,Inglourious Basterds,Django Unchained,The Hateful Eight,Kill Bill: Vol. 2,Scarface,Goodfellas,Full Metal Jacket,The Departed,Reservoir Dogs,The Usual Suspects"
Eternal Sunshine of the Spotless Mind,"The Truman Show,Requiem for a Dream,Good Will Hunting,Amélie,American Beauty,Memento,Como Desaparecer Completamente,Reservoir Dogs,A Clockwork Orange,A Beautiful Mind,The Pianist,Kill Bill: Vol. 1"
Toy Story 3,"Toy Story,Toy Story 2,Toy Story 4,Monsters, Inc.,Up,Finding Nemo,The Incredibles,WALL·E,Ratatouille,Inside Out,The Lion King,How to Train Your Dragon"
Come and See,"Ikiru,Harakiri,Paths of Glory,The Hunt,High and Low,Apocalypse Now,Das Boot,Come and See,Oldboy,Dr. Strangelove or: How I Learned to Stop Worrying and Love the Bomb,Full Metal Jacket,A Clockwork Orange"
2001: A Space Odyssey,"A Clockwork Orange,Full Metal Jacket,Dr. Strangelove or: How I Learned to Stop Worrying and Love the Bomb,The Shining,2010: The Year We Make Contact,Reservoir Dogs,Eternal Sunshine of the Spotless Mind,Barry Lyndon,Citizen Kane,One Flew Over the Cuckoo's Nest,Alien,Apocalypse Now"
Star Wars: Episode VI - Return of the Jedi,"Star Wars: Episode V - The Empire Strikes Back,Star Wars: Episode IV - A New Hope,Star Wars: Episode III - Revenge of the Sith,Star Wars: Episode II - Attack of the Clones,Star Wars: Episode I - The Phantom Menace,Star Wars: Episode VII - The Force Awakens,Star Wars: Episode VIII - The Last Jedi,Rogue One: A Star Wars Story,Star Wars: Episode IX - The Rise of Skywalker,Raiders of the Lost Ark,Solo: A Star Wars Story,The Lord of the Rings: The Two Towers"
Requiem for a Dream,"Eternal Sunshine of the Spotless Mind,American Beauty,A Clockwork Orange,Trainspotting,American History X,Memento,Léon: The Professional,Pi,Kill Bill: Vol. 1,Reservoir Dogs,Amélie,Good Will Hunting"
Singin' in the Rain,"Citizen Kane,Casablanca,Rear Window,Some Like It Hot,To Kill a Mockingbird,Gone with the Wind,North by Northwest,Vertigo,Sunset Blvd.,Lawrence of Arabia,The Great Dictator,Singing in the Rain"
Capernaum,"A Separation,The Hunt,Incendies,The Lives of Others,3 Idiots,The Father,Dangal,Green Book,Your Name.,Come and See,Requiem for a Dream,Cinema Paradiso"
High and Low,"Ikiru,Harakiri,Yojimbo,Ran,Rashomon,Throne of Blood,Red Beard,Sanjuro,Seven Samurai,The Hidden Fortress,Come and See,M"
Once Upon a Time in America,"Once Upon a Time in the West,Casino,Scarface,The Good, the Bad and the Ugly,The Godfather Part II,Reservoir Dogs,Goodfellas,Good Will Hunting,Apocalypse Now,Braveheart,Heat,Amadeus"
Your Name.,"Weathering with You,A Silent Voice: The Movie,Princess Mononoke,Grave of the Fireflies,The Garden of Words,Avengers: Infinity War,3 Idiots,Suzume,Avengers: Endgame,Joker,Inception,Parasite"
Good Will Hunting,"The Truman Show,A Beautiful Mind,Forrest Gump,Catch Me If You Can,The Green Mile,Eternal Sunshine of the Spotless Mind,American Beauty,Saving Private Ryan,Dead Poets Society,Django Unchained,Braveheart,Inglourious Basterds"
3 Idiots,"Dangal,PK,Capernaum,Munna Bhai M.B.B.S.,Your Name.,Bajrangi Bhaijaan,Lagaan: Once Upon a Time in India,3 Idiots,Drishyam,The Lives of Others,Jai Bhim,Come and See"
Princess Mononoke,"Nausicaä of the Valley of the Wind,Your Name.,Grave of the Fireflies,Porco Rosso,The Wind Rises,Akira,Tales from Earthsea,Good Will Hunting,Perfect Blue,A Silent Voice: The Movie,Lupin III: The Castle of Cagliostro,The Truman Show"
Braveheart,"Gladiator,Saving Private Ryan,The Green Mile,Good Will Hunting,Brave Heart,American History X,American Beauty,The Patriot,A Beautiful Mind,Forrest Gump,Back to the Future,Inglourious Basterds"
Avengers: Endgame,"Avengers: Infinity War,The Avengers,Spider-Man: No Way Home,Avengers: Age of Ultron,Captain America: Civil War,Thor: Ragnarok,Doctor Strange,Guardians of the Galaxy,Captain America: The Winter Soldier,Joker,The Dark Knight Rises,Black Panther"
Joker,"The Wolf of Wall Street,The Dark Knight,Fight Club,Inception,Forrest Gump,Django Unchained,Interstellar,Shutter Island,The Dark Knight Rises,Parasite,Pulp Fiction,Inglourious Basterds"
Amadeus,"Braveheart,Cinema Paradiso,Dr. Strangelove or: How I Learned to Stop Worrying and Love the Bomb,One Flew Over the Cuckoo's Nest,Apocalypse Now,American Beauty,Once Upon a Time in America,Das Boot,Casablanca,Good Will Hunting,Amélie,Raiders of the Lost Ark"
Toy Story,"Toy Story 3,Toy Story 2,Finding Nemo,Monsters, Inc.,Up,WALL·E,The Incredibles,Toy Story 4,The Lion King,Ratatouille,Coco,Inside Out"
Oldboy,"Parasite,Memories of Murder,Léon: The Professional,Requiem for a Dream,Reservoir Dogs,Oldboy,Eternal Sunshine of the Spotless Mind,The Hunt,The Handmaiden,Inglourious Basterds,Memento,Django Unchained"
American Beauty,"Good Will Hunting,American History X,The Usual Suspects,Requiem for a Dream,Eternal Sunshine of the Spotless Mind,A Beautiful Mind,One Flew Over the Cuckoo's Nest,Léon: The Professional,Memento,Inglourious Basterds,The Silence of the Lambs,Braveheart"
Das Boot,"Das Boot,Dr. Strangelove or: How I Learned to Stop Worrying and Love the Bomb,Downfall,Lawrence of Arabia,Amadeus,Apocalypse Now,The Lives of Others,Braveheart,The Great Dictator,Once Upon a Time in America,Paths of Glory,Full Metal Jacket"
Dr. Strangelove or: How I Learned to Stop Worrying and Love the Bomb,"Paths of Glory,2001: A Space Odyssey,A Clockwork Orange,Full Metal Jacket,Barry Lyndon,Citizen Kane,Apocalypse Now,Rear Window,Vertigo,The Shining,The Great Dictator,Amadeus"
The Dark Knight Rises,"Batman Begins,The Dark Knight,Inception,Joker,Avengers: Infinity War,Django Unchained,Avengers: Endgame,Interstellar,The Prestige,Forrest Gump,The Wolf of Wall Street,Inglourious Basterds"
Inglourious Basterds,"Django Unchained,Pulp Fiction,The Wolf of Wall Street,Shutter Island,Joker,Se7en,Forrest Gump,Fight Club,Inception,Kill Bill: Vol. 1,Reservoir Dogs,Inglorious Basterds: Stolz der Nation"
Aliens,"Alien,Alien³,Alien: Resurrection,The Terminator,Predator,Terminator 2: Judgment Day,Prometheus,Alien: Covenant,Raiders of the Lost Ark,Back to the Future,Die Hard,Star Wars: Episode VI - Return of the Jedi"
Coco,"Up,Toy Story,WALL·E,Inside Out,Ratatouille,Soul,Toy Story 3,Monsters, Inc.,Finding Nemo,Encanto,Zootopia,The Incredibles"
Spider-Man: Into the Spider-Verse,"Spider-Man: Across the Spider-Verse,WALL·E,Coco,Up,Toy Story,The Lion King,Toy Story 3,How to Train Your Dragon,Spirited Away,The Incredibles,Ratatouille,Monsters, Inc."
Witness for the Prosecution,"Sunset Blvd.,Paths of Glory,The Apartment,Double Indemnity,Dial M for Murder,The Great Dictator,City Lights,Rear Window,The Lives of Others,Some Like It Hot,Witness for the Prosecution,North by Northwest"
Avengers: Infinity War,"Avengers: Endgame,The Avengers,Avengers: Age of Ultron,Captain America: Civil War,Spider-Man: No Way Home,Thor: Ragnarok,Captain America: The Winter Soldier,Doctor Strange,Black Panther,The Dark Knight Rises,Guardians of the Galaxy,Iron Man"
Harakiri,"Seven Samurai,High and Low,Yojimbo,Ikiru,Grave of the Fireflies,Modern Times,Cinema Paradiso,Casablanca,Paths of Glory,City Lights,Once Upon a Time in the West,Ran"
The Shining,"A Clockwork Orange,The Silence of the Lambs,2001: A Space Odyssey,One Flew Over the Cuckoo's Nest,Pulp Fiction,Django Unchained,Full Metal Jacket,Forrest Gump,Joker,Doctor Sleep,Alien,The Matrix"
Casablanca,"Rear Window,Psycho,Citizen Kane,Gone with the Wind,Modern Times,Cinema Paradiso,Seven Samurai,One Flew Over the Cuckoo's Nest,The Usual Suspects,Singin' in the Rain,The Good, the Bad and the Ugly,Vertigo"
The Great Dictator,"Modern Times,City Lights,The Gold Rush,Paths of Glory,Sunset Blvd.,Rear Window,Casablanca,Dr. Strangelove or: How I Learned to Stop Worrying and Love the Bomb,Witness for the Prosecution,Limelight,Citizen Kane,Once Upon a Time in the West"
Paths of Glory,"Dr. Strangelove or: How I Learned to Stop Worrying and Love the Bomb,Barry Lyndon,The Killing,Sunset Blvd.,The Great Dictator,Witness for the Prosecution,Spartacus,Rear Window,2001: A Space Odyssey,Lolita,City Lights,Seven Samurai"
Whiplash,"Parasite,Django Unchained,Fight Club,Forrest Gump,Se7en,Inception,Shutter Island,The Pianist,Interstellar,Pulp Fiction,The Departed,The Prestige"
The Prestige,"Inception,Memento,Se7en,The Departed,Interstellar,Shutter Island,The Dark Knight Rises,The Dark Knight,Fight Club,Django Unchained,Forrest Gump,Gladiator"
The Usual Suspects,"The Departed,American History X,Léon: The Professional,Se7en,The Prestige,The Silence of the Lambs,Goodfellas,One Flew Over the Cuckoo's Nest,Memento,The Green Mile,Gladiator,Saving Private Ryan"
The Departed,"Goodfellas,Django Unchained,Shutter Island,The Prestige,Se7en,Inception,Gladiator,The Wolf of Wall Street,The Usual Suspects,Pulp Fiction,Saving Private Ryan,American History X"
Léon: The Professional,"American History X,The Green Mile,The Pianist,The Usual Suspects,Se7en,The Silence of the Lambs,The Intouchables,Pulp Fiction,The Prestige,The Departed,Forrest Gump,Gladiator"
American History X,"Léon: The Professional,The Green Mile,The Departed,The Usual Suspects,The Silence of the Lambs,Se7en,Gladiator,One Flew Over the Cuckoo's Nest,Saving Private Ryan,City of God,Goodfellas,The Prestige"
The Lion King,"Toy Story,WALL·E,Finding Nemo,Up,Monsters, Inc.,Aladdin,Toy Story 3,Ratatouille,The Incredibles,The Lion King,Spirited Away,Coco"
Gladiator,"Saving Private Ryan,Forrest Gump,The Green Mile,The Matrix,Inception,The Departed,The Lord of the Rings: The Fellowship of the Ring,The Dark Knight,The Lord of the Rings: The Two Towers,Django Unchained,The Lord of the Rings: The Return of the King,Se7en"
The Pianist,"The Green Mile,Life Is Beautiful,Schindler's List,Léon: The Professional,Saving Private Ryan,Forrest Gump,The Intouchables,Parasite,Se7en,The Prestige,Gladiator,Whiplash"
Parasite,"Joker,Forrest Gump,Fight Club,Whiplash,Django Unchained,Se7en,Pulp Fiction,Inception,Interstellar,Shutter Island,The Shawshank Redemption,The Pianist"
Spirited Away,"Howl's Moving Castle,My Neighbor Totoro,The Lion King,Castle in the Sky,WALL·E,Ponyo,Kiki's Delivery Service,Toy Story,Coco,Up,Spirited Away: Live on Stage,Toy Story 3"
Back to the Future,"Back to the Future Part II,Star Wars: Episode IV - A New Hope,Forrest Gump,The Matrix,Terminator 2: Judgment Day,Star Wars: Episode V - The Empire Strikes Back,Back to the Future Part III,The Green Mile,Gladiator,Pulp Fiction,The Lord of the Rings: The Fellowship of the Ring,Saving Private Ryan"
Psycho,"Rear Window,Vertigo,One Flew Over the Cuckoo's Nest,The Silence of the Lambs,Pulp Fiction,Casablanca,The Usual Suspects,Psycho II,The Shining,Léon: The Professional,Psycho III,The Good, the Bad and the Ugly"
Grave of the Fireflies,"Princess Mononoke,Your Name.,Cinema Paradiso,Harakiri,Grave of the Fireflies,Modern Times,Life Is Beautiful,The Intouchables,Seven Samurai,Parasite,City of God,Léon: The Professional"
The Green Mile,"Forrest Gump,Saving Private Ryan,The Shawshank Redemption,Se7en,The Silence of the Lambs,Gladiator,The Pianist,Schindler's List,Fight Club,The Matrix,Pulp Fiction,Inception"
Life Is Beautiful,"The Pianist,The Green Mile,Schindler's List,City of God,One Flew Over the Cuckoo's Nest,Forrest Gump,The Intouchables,Léon: The Professional,Saving Private Ryan,The Silence of the Lambs,Se7en,Parasite"
Terminator 2: Judgment Day,"The Terminator,Back to the Future,The Matrix,Star Wars: Episode IV - A New Hope,Saving Private Ryan,Terminator 3: Rise of the Machines,Star Wars: Episode V - The Empire Strikes Back,Gladiator,The Green Mile,Forrest Gump,The Silence of the Lambs,The Lord of the Rings: The Two Towers"
Saving Private Ryan,"The Green Mile,Forrest Gump,Gladiator,Schindler's List,The Matrix,Se7en,The Silence of the Lambs,Pulp Fiction,The Shawshank Redemption,Inception,Django Unchained,Goodfellas"
City of God,"Life Is Beautiful,Léon: The Professional,One Flew Over the Cuckoo's Nest,American History X,Saving Private Ryan,The Green Mile,The Pianist,Se7en,Schindler's List,The Silence of the Lambs,Goodfellas,The Matrix"
Spider-Man: Across the Spider-Verse,"Spider-Man: Into the Spider-Verse,Spider-Man: Beyond the Spider-Verse,The Lion King,Spirited Away,WALL·E,Coco,Up,The Incredibles,Toy Story,Slumberland,How to Train Your Dragon,Toy Story 3"
The Silence of the Lambs,"Se7en,Pulp Fiction,The Green Mile,Forrest Gump,The Matrix,Fight Club,Saving Private Ryan,Goodfellas,The Shawshank Redemption,Schindler's List,One Flew Over the Cuckoo's Nest,Inception"
Interstellar,"Inception,The Dark Knight,Fight Club,Forrest Gump,The Shawshank Redemption,Joker,The Wolf of Wall Street,Se7en,The Prestige,Django Unchained,The Matrix,Pulp Fiction"
It's a Wonderful Life,"The Lion King,Spirited Away,It's a Wonderful Life: The Rest of the Story,WALL·E,Up,Toy Story,The Sound of Music,The Wizard of Oz,Aladdin,Finding Nemo,Toy Story 3,Monsters, Inc."
Seven Samurai,"Harakiri,The Good, the Bad and the Ugly,Yojimbo,One Flew Over the Cuckoo's Nest,Rashomon,City of God,12 Angry Men,Casablanca,Ran,Life Is Beautiful,Psycho,Modern Times"
One Flew Over the Cuckoo's Nest,"Goodfellas,The Silence of the Lambs,Schindler's List,The Good, the Bad and the Ugly,Se7en,Pulp Fiction,The Green Mile,12 Angry Men,Forrest Gump,Life Is Beautiful,Saving Private Ryan,American History X"
Star Wars: Episode IV - A New Hope,"Star Wars: Episode V - The Empire Strikes Back,Star Wars: Episode VI - Return of the Jedi,Star Wars: Episode III - Revenge of the Sith,Star Wars: Episode I - The Phantom Menace,Star Wars: Episode II - Attack of the Clones,Star Wars: Episode VII - The Force Awakens,The Lord of the Rings: The Two Towers,Back to the Future,The Lord of the Rings: The Fellowship of the Ring,The Lord of the Rings: The Return of the King,Star Wars: Episode VIII - The Last Jedi,The Matrix"
Se7en,"Fight Club,Pulp Fiction,Forrest Gump,The Silence of the Lambs,Inception,The Shawshank Redemption,Django Unchained,Shutter Island,The Green Mile,The Matrix,The Dark Knight,Interstellar"
The Matrix,"Inception,Forrest Gump,Pulp Fiction,The Lord of the Rings: The Two Towers,The Lord of the Rings: The Fellowship of the Ring,The Dark Knight,The Lord of the Rings: The Return of the King,Fight Club,Back to the Future,Se7en,Star Wars: Episode V - The Empire Strikes Back,The Matrix Reloaded"
Star Wars: Episode V - The Empire Strikes Back,"Star Wars: Episode IV - A New Hope,Star Wars: Episode VI - Return of the Jedi,Star Wars: Episode III - Revenge of the Sith,Star Wars: Episode II - Attack of the Clones,Star Wars: Episode I - The Phantom Menace,The Lord of the Rings: The Two Towers,Star Wars: Episode VII - The Force Awakens,The Lord of the Rings: The Fellowship of the Ring,The Matrix,The Lord of the Rings: The Return of the King,Back to the Future,Star Wars: Episode VIII - The Last Jedi"
Goodfellas,"The Departed,Pulp Fiction,The Godfather Part II,The Godfather,Se7en,Forrest Gump,The Matrix,Casino,Fight Club,Schindler's List,Taxi Driver,The Silence of the Lambs"
Inception,"Interstellar,The Dark Knight,Fight Club,Forrest Gump,The Shawshank Redemption,Pulp Fiction,The Matrix,Se7en,Joker,Shutter Island,The Wolf of Wall Street,The Prestige"
The Lord of the Rings: The Two Towers,"The Lord of the Rings: The Fellowship of the Ring,The Lord of the Rings: The Return of the King,The Matrix,Star Wars: Episode V - The Empire Strikes Back,Forrest Gump,The Hobbit: An Unexpected Journey,The Dark Knight,Inception,The Hobbit: The Desolation of Smaug,Star Wars: Episode IV - A New Hope,The Hobbit: The Battle of the Five Armies,Pulp Fiction"
Fight Club,"Se7en,Forrest Gump,Inception,Pulp Fiction,The Shawshank Redemption,The Dark Knight,Interstellar,Joker,The Wolf of Wall Street,The Matrix,Django Unchained,Shutter Island"
"The Good, the Bad and the Ugly","For a Few Dollars More,One Flew Over the Cuckoo's Nest,12 Angry Men,Schindler's List,The Godfather Part II,Pulp Fiction,The Godfather,The Lord of the Rings: The Two Towers,The Lord of the Rings: The Fellowship of the Ring,Forrest Gump,Goodfellas,A Fistful of Dollars"
Forrest Gump,"Fight Club,The Shawshank Redemption,Inception,Pulp Fiction,The Green Mile,The Dark Knight,The Matrix,Se7en,Saving Private Ryan,Schindler's List,Joker,The Lord of the Rings: The Return of the King"
Pulp Fiction,"Fight Club,Forrest Gump,Django Unchained,Se7en,The Shawshank Redemption,Inception,The Dark Knight,Inglourious Basterds,The Matrix,The Godfather,Schindler's List,Goodfellas"
The Godfather Part II,"The Godfather,The Godfather Part III,Schindler's List,Goodfellas,The Shawshank Redemption,Pulp Fiction,The Dark Knight,Forrest Gump,The Lord of the Rings: The Return of the King,The Matrix,Fight Club,The Lord of the Rings: The Fellowship of the Ring"
Schindler's List,"The Shawshank Redemption,Forrest Gump,The Godfather Part II,Pulp Fiction,The Godfather,The Lord of the Rings: The Return of the King,12 Angry Men,Saving Private Ryan,The Green Mile,The Matrix,The Dark Knight,The Silence of the Lambs"
The Lord of the Rings: The Fellowship of the Ring,"The Lord of the Rings: The Two Towers,The Lord of the Rings: The Return of the King,The Matrix,Forrest Gump,The Dark Knight,Star Wars: Episode V - The Empire Strikes Back,The Hobbit: An Unexpected Journey,Inception,Pulp Fiction,Star Wars: Episode IV - A New Hope,The Hobbit: The Desolation of Smaug,Schindler's List"
The Lord of the Rings: The Return of the King,"The Lord of the Rings: The Two Towers,The Lord of the Rings: The Fellowship of the Ring,The Dark Knight,Forrest Gump,The Matrix,The Shawshank Redemption,Pulp Fiction,Schindler's List,Inception,Star Wars: Episode V - The Empire Strikes Back,The Godfather,The Godfather Part II"
The Dark Knight,"The Dark Knight Rises,Inception,Batman Begins,The Shawshank Redemption,Interstellar,Forrest Gump,Fight Club,The Godfather,Pulp Fiction,Joker,The Lord of the Rings: The Return of the King,The Lord of the Rings: The Fellowship of the Ring"
12 Angry Men,"Schindler's List,The Shawshank Redemption,The Good, the Bad and the Ugly,The Godfather,The Godfather Part II,Forrest Gump,Pulp Fiction,One Flew Over the Cuckoo's Nest,The Dark Knight,The Lord of the Rings: The Return of the King,Fight Club,Se7en"
The Godfather,"The Godfather Part II,The Shawshank Redemption,The Dark Knight,Pulp Fiction,Forrest Gump,Schindler's List,Goodfellas,The Godfather Part III,The Lord of the Rings: The Return of the King,Inception,Fight Club,12 Angry Men"
